﻿<?xml version="1.0" encoding="UTF-8" ?>
<!DOCTYPE mapper
        PUBLIC "-//mybatis.org//DTD Mapper 3.0//EN"
        "http://mybatis.org/dtd/mybatis-3-mapper.dtd">

<mapper namespace="cn.zhz.user_service.mapper.menu.MenuMapper">

    <select id="getMenuListByUid" resultType="cn.zhz.commond.beans.Menu">
		SELECT * FROM `menu` WHERE `id` IN (
		SELECT `mid` FROM `menu_role` WHERE rid=(
		SELECT rid FROM `user_role` WHERE uid=#{uid}))
	</select>

    <select id="getMenuListNotByUid" resultType="cn.zhz.commond.beans.Menu">
		SELECT * FROM `menu` WHERE `id` NOT IN (
		SELECT `mid` FROM `menu_role` WHERE rid=(
		SELECT rid FROM `user_role` WHERE uid=#{uid}))
	</select>

    <select id="getUserById" resultType="cn.zhz.commond.beans.User">
		SELECT * FROM `user` WHERE id=#{id}
	</select>

    <select id="getRidByUid" resultType="int">
		SELECT `rid` FROM `user_role` WHERE `uid`=#{uid}
	</select>

    <insert id="addMenuRoleByRidAndMid">
		INSERT INTO `roles`.`menu_role` (`mid`, `rid`)
		VALUES (#{mid}, #{rid})
	</insert>

    <delete id="deleteMenuRoleByRidAndMid">
		DELETE FROM `menu_role` WHERE `mid`=#{mid} AND `rid`=#{rid}
	</delete>

</mapper>