﻿<?xml version="1.0" encoding="UTF-8" ?>
<!DOCTYPE mapper
        PUBLIC "-//mybatis.org//DTD Mapper 3.0//EN"
        "http://mybatis.org/dtd/mybatis-3-mapper.dtd">

<mapper namespace="cn.zhz.user_service.mapper.user.UserMapper">


    <select id="loadUserByUsername" resultType="cn.zhz.commond.beans.User">
		SELECT * FROM `user` WHERE `username`=#{username}
	</select>

    <select id="getUserRoleByUId" resultType="cn.zhz.commond.beans.Role">
		SELECT * FROM `role` r,`user_role` ur WHERE r.id=ur.rid AND ur.uid=#{id}
	</select>


    <resultMap id="remap" type="cn.zhz.commond.beans.Menu">
        <id column="id" property="id"/>
        <result column="pattern" property="pattern"/>
        <collection property="roles" ofType="cn.zhz.commond.beans.Role">
            <id column="rid" property="id"/>
            <result column="rname" property="name"/>
            <result column="rnameZh" property="nameZh"/>
        </collection>
    </resultMap>

    <select id="getAllMenu" resultMap="remap">
		SELECT m.*,r.id AS rid,r.name AS rname,r.nameZh AS rnameZh
		FROM `menu` m LEFT JOIN `menu_role` mr ON m.id=mr.mid LEFT JOIN role r ON mr.rid=r.id
	</select>

    <select id="getUserList" resultType="cn.zhz.commond.beans.User">
		SELECT * FROM `user`
	</select>
</mapper>